currency_pair,date,rate
USD/EUR,2025-07-01,0.850011
USD/GBP,2025-07-01,0.751462
USD/INR,2025-07-01,81.158464
EUR/GBP,2025-07-01,0.898837
EUR/INR,2025-07-01,96.649995
GBP/INR,2025-07-01,116.034614
USD/EUR,2025-07-02,0.889009
USD/GBP,2025-07-02,0.729686
USD/INR,2025-07-02,79.155427
EUR/GBP,2025-07-02,0.871334
EUR/INR,2025-07-02,97.128306
GBP/INR,2025-07-02,113.524319
USD/EUR,2025-07-03,0.889504
USD/GBP,2025-07-03,0.742698
USD/INR,2025-07-03,83.664825
EUR/GBP,2025-07-03,0.846945
EUR/INR,2025-07-03,98.243643
GBP/INR,2025-07-03,111.18233
USD/EUR,2025-07-04,0.847961
USD/GBP,2025-07-04,0.780181
USD/INR,2025-07-04,86.141778
EUR/GBP,2025-07-04,0.914859
EUR/INR,2025-07-04,93.859332
GBP/INR,2025-07-04,105.442194
USD/EUR,2025-07-05,0.82831
USD/GBP,2025-07-05,0.75695
USD/INR,2025-07-05,81.962874
EUR/GBP,2025-07-05,0.849565
EUR/INR,2025-07-05,96.51324
GBP/INR,2025-07-05,111.690036
USD/EUR,2025-07-06,0.807191
USD/GBP,2025-07-06,0.74262
USD/INR,2025-07-06,79.330201
EUR/GBP,2025-07-06,0.87457
EUR/INR,2025-07-06,101.548894
GBP/INR,2025-07-06,111.249195
USD/EUR,2025-07-07,0.820983
USD/GBP,2025-07-07,0.777967
USD/INR,2025-07-07,81.823729
EUR/GBP,2025-07-07,0.920959
EUR/INR,2025-07-07,101.292761
GBP/INR,2025-07-07,115.231927
USD/EUR,2025-07-08,0.861443
USD/GBP,2025-07-08,0.722457
USD/INR,2025-07-08,86.249906
EUR/GBP,2025-07-08,0.887096
EUR/INR,2025-07-08,101.673093
GBP/INR,2025-07-08,110.784231
USD/EUR,2025-07-09,0.823677
USD/GBP,2025-07-09,0.766882
USD/INR,2025-07-09,84.730132
EUR/GBP,2025-07-09,0.909785
EUR/INR,2025-07-09,96.274674
GBP/INR,2025-07-09,110.378231
USD/EUR,2025-07-10,0.865329
USD/GBP,2025-07-10,0.744144
USD/INR,2025-07-10,80.170058
EUR/GBP,2025-07-10,0.913967
EUR/INR,2025-07-10,96.572399
GBP/INR,2025-07-10,107.986434
USD/EUR,2025-07-11,0.825802
USD/GBP,2025-07-11,0.749441
USD/INR,2025-07-11,78.997436
EUR/GBP,2025-07-11,0.916389
EUR/INR,2025-07-11,100.170689
GBP/INR,2025-07-11,114.493078
USD/EUR,2025-07-12,0.873462
USD/GBP,2025-07-12,0.717086
USD/INR,2025-07-12,80.221715
EUR/GBP,2025-07-12,0.879281
EUR/INR,2025-07-12,94.13393
GBP/INR,2025-07-12,113.014226
USD/EUR,2025-07-13,0.81149
USD/GBP,2025-07-13,0.783733
USD/INR,2025-07-13,81.867051
EUR/GBP,2025-07-13,0.835283
EUR/INR,2025-07-13,100.970117
GBP/INR,2025-07-13,107.749499
USD/EUR,2025-07-14,0.808256
USD/GBP,2025-07-14,0.78256
USD/INR,2025-07-14,84.285203
EUR/GBP,2025-07-14,0.913916
EUR/INR,2025-07-14,93.654583
GBP/INR,2025-07-14,111.314784
USD/EUR,2025-07-15,0.866983
USD/GBP,2025-07-15,0.714245
USD/INR,2025-07-15,85.033512
EUR/GBP,2025-07-15,0.897074
EUR/INR,2025-07-15,98.616674
GBP/INR,2025-07-15,113.872685
USD/EUR,2025-07-16,0.877156
USD/GBP,2025-07-16,0.763541
USD/INR,2025-07-16,83.118709
EUR/GBP,2025-07-16,0.850935
EUR/INR,2025-07-16,93.314233
GBP/INR,2025-07-16,106.700817
USD/EUR,2025-07-17,0.871858
USD/GBP,2025-07-17,0.745725
USD/INR,2025-07-17,79.691671
EUR/GBP,2025-07-17,0.887227
EUR/INR,2025-07-17,97.408362
GBP/INR,2025-07-17,105.876687
USD/EUR,2025-07-18,0.852965
USD/GBP,2025-07-18,0.748791
USD/INR,2025-07-18,83.726846
EUR/GBP,2025-07-18,0.904192
EUR/INR,2025-07-18,95.826411
GBP/INR,2025-07-18,106.142207
USD/EUR,2025-07-19,0.869114
USD/GBP,2025-07-19,0.77834
USD/INR,2025-07-19,79.499502
EUR/GBP,2025-07-19,0.91052
EUR/INR,2025-07-19,95.268963
GBP/INR,2025-07-19,115.002782
USD/EUR,2025-07-20,0.85726
USD/GBP,2025-07-20,0.712183
USD/INR,2025-07-20,79.862744
EUR/GBP,2025-07-20,0.860221
EUR/INR,2025-07-20,94.29404
GBP/INR,2025-07-20,110.57919
USD/EUR,2025-07-21,0.843089
USD/GBP,2025-07-21,0.739592
USD/INR,2025-07-21,83.348881
EUR/GBP,2025-07-21,0.900463
EUR/INR,2025-07-21,98.043048
GBP/INR,2025-07-21,107.148662
USD/EUR,2025-07-22,0.878374
USD/GBP,2025-07-22,0.737418
USD/INR,2025-07-22,85.850055
EUR/GBP,2025-07-22,0.879894
EUR/INR,2025-07-22,101.442383
GBP/INR,2025-07-22,112.773562
USD/EUR,2025-07-23,0.879395
USD/GBP,2025-07-23,0.780239
USD/INR,2025-07-23,78.559367
EUR/GBP,2025-07-23,0.916244
EUR/INR,2025-07-23,95.536536
GBP/INR,2025-07-23,110.073025
USD/EUR,2025-07-24,0.87558
USD/GBP,2025-07-24,0.713458
USD/INR,2025-07-24,83.681762
EUR/GBP,2025-07-24,0.85117
EUR/INR,2025-07-24,100.975029
GBP/INR,2025-07-24,109.101256
USD/EUR,2025-07-25,0.835592
USD/GBP,2025-07-25,0.71437
USD/INR,2025-07-25,82.562325
EUR/GBP,2025-07-25,0.879348
EUR/INR,2025-07-25,101.357964
GBP/INR,2025-07-25,105.825288
USD/EUR,2025-07-26,0.865338
USD/GBP,2025-07-26,0.774756
USD/INR,2025-07-26,83.489052
EUR/GBP,2025-07-26,0.896469
EUR/INR,2025-07-26,100.082199
GBP/INR,2025-07-26,104.189288
USD/EUR,2025-07-27,0.821529
USD/GBP,2025-07-27,0.776298
USD/INR,2025-07-27,82.218398
EUR/GBP,2025-07-27,0.839409
EUR/INR,2025-07-27,93.416974
GBP/INR,2025-07-27,106.553727
USD/EUR,2025-07-28,0.806497
USD/GBP,2025-07-28,0.720657
USD/INR,2025-07-28,83.588956
EUR/GBP,2025-07-28,0.856176
EUR/INR,2025-07-28,95.72004
GBP/INR,2025-07-28,104.189588
USD/EUR,2025-07-29,0.84193
USD/GBP,2025-07-29,0.742854
USD/INR,2025-07-29,83.414039
EUR/GBP,2025-07-29,0.834767
EUR/INR,2025-07-29,101.350517
GBP/INR,2025-07-29,107.84581
USD/EUR,2025-07-30,0.818899
USD/GBP,2025-07-30,0.712187
USD/INR,2025-07-30,82.839432
EUR/GBP,2025-07-30,0.885937
EUR/INR,2025-07-30,101.081907
GBP/INR,2025-07-30,105.590605
USD/EUR,2025-07-31,0.827721
USD/GBP,2025-07-31,0.751768
USD/INR,2025-07-31,84.953027
EUR/GBP,2025-07-31,0.879949
EUR/INR,2025-07-31,92.40953
GBP/INR,2025-07-31,106.123712
USD/EUR,2025-08-01,0.840156
USD/GBP,2025-08-01,0.720947
USD/INR,2025-08-01,78.3908
EUR/GBP,2025-08-01,0.853604
EUR/INR,2025-08-01,93.471003
GBP/INR,2025-08-01,107.137935
USD/EUR,2025-08-02,0.882978
USD/GBP,2025-08-02,0.725563
USD/INR,2025-08-02,81.720741
EUR/GBP,2025-08-02,0.875268
EUR/INR,2025-08-02,91.669819
GBP/INR,2025-08-02,106.854443
USD/EUR,2025-08-03,0.835196
USD/GBP,2025-08-03,0.737879
USD/INR,2025-08-03,85.886353
EUR/GBP,2025-08-03,0.863344
EUR/INR,2025-08-03,92.883046
GBP/INR,2025-08-03,106.325978
USD/EUR,2025-08-04,0.881628
USD/GBP,2025-08-04,0.773201
USD/INR,2025-08-04,85.254364
EUR/GBP,2025-08-04,0.887101
EUR/INR,2025-08-04,96.151676
GBP/INR,2025-08-04,107.342493
USD/EUR,2025-08-05,0.863801
USD/GBP,2025-08-05,0.749638
USD/INR,2025-08-05,84.421824
EUR/GBP,2025-08-05,0.881452
EUR/INR,2025-08-05,101.011907
GBP/INR,2025-08-05,111.318126
USD/EUR,2025-08-06,0.869934
USD/GBP,2025-08-06,0.776609
USD/INR,2025-08-06,78.682181
EUR/GBP,2025-08-06,0.886871
EUR/INR,2025-08-06,100.824446
GBP/INR,2025-08-06,105.588626
USD/EUR,2025-08-07,0.843218
USD/GBP,2025-08-07,0.729852
USD/INR,2025-08-07,80.121186
EUR/GBP,2025-08-07,0.859526
EUR/INR,2025-08-07,100.89787
GBP/INR,2025-08-07,104.145419
USD/EUR,2025-08-08,0.866136
USD/GBP,2025-08-08,0.745299
USD/INR,2025-08-08,80.80423
EUR/GBP,2025-08-08,0.826067
EUR/INR,2025-08-08,94.846451
GBP/INR,2025-08-08,111.8122
USD/EUR,2025-08-09,0.858759
USD/GBP,2025-08-09,0.763569
USD/INR,2025-08-09,80.51089
EUR/GBP,2025-08-09,0.898303
EUR/INR,2025-08-09,93.994499
GBP/INR,2025-08-09,111.522896
USD/EUR,2025-08-10,0.849312
USD/GBP,2025-08-10,0.75309
USD/INR,2025-08-10,79.898138
EUR/GBP,2025-08-10,0.883393
EUR/INR,2025-08-10,100.334992
GBP/INR,2025-08-10,104.166542
USD/EUR,2025-08-11,0.838405
USD/GBP,2025-08-11,0.738355
USD/INR,2025-08-11,78.25189
EUR/GBP,2025-08-11,0.826247
EUR/INR,2025-08-11,93.801658
GBP/INR,2025-08-11,112.668458
USD/EUR,2025-08-12,0.797976
USD/GBP,2025-08-12,0.726219
USD/INR,2025-08-12,85.129866
EUR/GBP,2025-08-12,0.835227
EUR/INR,2025-08-12,94.069867
GBP/INR,2025-08-12,103.799882
USD/EUR,2025-08-13,0.860543
USD/GBP,2025-08-13,0.74769
USD/INR,2025-08-13,84.253259
EUR/GBP,2025-08-13,0.87223
EUR/INR,2025-08-13,93.101754
GBP/INR,2025-08-13,112.34086
USD/EUR,2025-08-14,0.798529
USD/GBP,2025-08-14,0.718261
USD/INR,2025-08-14,80.908919
EUR/GBP,2025-08-14,0.891363
EUR/INR,2025-08-14,98.74203
GBP/INR,2025-08-14,111.594114
USD/EUR,2025-08-15,0.799648
USD/GBP,2025-08-15,0.740617
USD/INR,2025-08-15,85.248664
EUR/GBP,2025-08-15,0.871616
EUR/INR,2025-08-15,95.180277
GBP/INR,2025-08-15,113.855271
USD/EUR,2025-08-16,0.84876
USD/GBP,2025-08-16,0.753715
USD/INR,2025-08-16,77.909477
EUR/GBP,2025-08-16,0.862794
EUR/INR,2025-08-16,96.513269
GBP/INR,2025-08-16,105.144642
USD/EUR,2025-08-17,0.822861
USD/GBP,2025-08-17,0.747225
USD/INR,2025-08-17,80.482915
EUR/GBP,2025-08-17,0.908207
EUR/INR,2025-08-17,94.967856
GBP/INR,2025-08-17,111.005617
USD/EUR,2025-08-18,0.855128
USD/GBP,2025-08-18,0.717376
USD/INR,2025-08-18,79.365722
EUR/GBP,2025-08-18,0.84433
EUR/INR,2025-08-18,98.199068
GBP/INR,2025-08-18,104.882257
USD/EUR,2025-08-19,0.800176
USD/GBP,2025-08-19,0.715967
USD/INR,2025-08-19,85.739105
EUR/GBP,2025-08-19,0.849614
EUR/INR,2025-08-19,99.416569
GBP/INR,2025-08-19,108.896055
USD/EUR,2025-08-20,0.83781
USD/GBP,2025-08-20,0.705721
USD/INR,2025-08-20,83.946573
EUR/GBP,2025-08-20,0.860859
EUR/INR,2025-08-20,91.639509
GBP/INR,2025-08-20,111.229208
USD/EUR,2025-08-21,0.845813
USD/GBP,2025-08-21,0.737284
USD/INR,2025-08-21,85.563712
EUR/GBP,2025-08-21,0.874925
EUR/INR,2025-08-21,91.603791
GBP/INR,2025-08-21,110.764966
USD/EUR,2025-08-22,0.804817
USD/GBP,2025-08-22,0.753092
USD/INR,2025-08-22,78.385138
EUR/GBP,2025-08-22,0.89574
EUR/INR,2025-08-22,99.082938
GBP/INR,2025-08-22,110.193057
USD/EUR,2025-08-23,0.876726
USD/GBP,2025-08-23,0.765208
USD/INR,2025-08-23,78.25529
EUR/GBP,2025-08-23,0.840161
EUR/INR,2025-08-23,99.385968
GBP/INR,2025-08-23,104.905424
USD/EUR,2025-08-24,0.827247
USD/GBP,2025-08-24,0.708554
USD/INR,2025-08-24,80.332978
EUR/GBP,2025-08-24,0.846561
EUR/INR,2025-08-24,94.397924
GBP/INR,2025-08-24,103.814991
USD/EUR,2025-08-25,0.808108
USD/GBP,2025-08-25,0.730475
USD/INR,2025-08-25,79.100924
EUR/GBP,2025-08-25,0.832845
EUR/INR,2025-08-25,96.829077
GBP/INR,2025-08-25,107.666139
USD/EUR,2025-08-26,0.819001
USD/GBP,2025-08-26,0.734419
USD/INR,2025-08-26,83.144718
EUR/GBP,2025-08-26,0.907853
EUR/INR,2025-08-26,92.519714
GBP/INR,2025-08-26,106.66871
USD/EUR,2025-08-27,0.844363
USD/GBP,2025-08-27,0.73542
USD/INR,2025-08-27,77.604064
EUR/GBP,2025-08-27,0.863501
EUR/INR,2025-08-27,93.708455
GBP/INR,2025-08-27,110.968601
USD/EUR,2025-08-28,0.818761
USD/GBP,2025-08-28,0.754158
USD/INR,2025-08-28,85.354943
EUR/GBP,2025-08-28,0.82693
EUR/INR,2025-08-28,96.175028
GBP/INR,2025-08-28,112.908663
USD/EUR,2025-08-29,0.858408
USD/GBP,2025-08-29,0.768181
USD/INR,2025-08-29,84.823227
EUR/GBP,2025-08-29,0.828782
EUR/INR,2025-08-29,98.254912
GBP/INR,2025-08-29,106.342857
USD/EUR,2025-08-30,0.856021
USD/GBP,2025-08-30,0.760987
USD/INR,2025-08-30,82.17162
EUR/GBP,2025-08-30,0.884788
EUR/INR,2025-08-30,96.56796
GBP/INR,2025-08-30,107.756352
USD/EUR,2025-08-31,0.859774
USD/GBP,2025-08-31,0.759452
USD/INR,2025-08-31,85.627616
EUR/GBP,2025-08-31,0.833007
EUR/INR,2025-08-31,94.930041
GBP/INR,2025-08-31,105.858067
USD/EUR,2025-09-01,0.852145
USD/GBP,2025-09-01,0.742541
USD/INR,2025-09-01,85.001427
EUR/GBP,2025-09-01,0.852838
EUR/INR,2025-09-01,100.362398
GBP/INR,2025-09-01,104.641733
USD/EUR,2025-09-02,0.825384
USD/GBP,2025-09-02,0.754473
USD/INR,2025-09-02,79.918237
EUR/GBP,2025-09-02,0.832502
EUR/INR,2025-09-02,95.651429
GBP/INR,2025-09-02,109.157915
USD/EUR,2025-09-03,0.830597
USD/GBP,2025-09-03,0.715763
USD/INR,2025-09-03,80.614868
EUR/GBP,2025-09-03,0.855838
EUR/INR,2025-09-03,94.146396
GBP/INR,2025-09-03,111.930282
USD/EUR,2025-09-04,0.82587
USD/GBP,2025-09-04,0.702793
USD/INR,2025-09-04,80.663622
EUR/GBP,2025-09-04,0.858527
EUR/INR,2025-09-04,91.045543
GBP/INR,2025-09-04,103.571857
USD/EUR,2025-09-05,0.853918
USD/GBP,2025-09-05,0.764958
USD/INR,2025-09-05,78.140411
EUR/GBP,2025-09-05,0.875618
EUR/INR,2025-09-05,93.498003
GBP/INR,2025-09-05,103.165362
USD/EUR,2025-09-06,0.838277
USD/GBP,2025-09-06,0.70841
USD/INR,2025-09-06,84.418565
EUR/GBP,2025-09-06,0.871459
EUR/INR,2025-09-06,96.60848
GBP/INR,2025-09-06,113.786494
USD/EUR,2025-09-07,0.797579
USD/GBP,2025-09-07,0.753963
USD/INR,2025-09-07,82.610109
EUR/GBP,2025-09-07,0.833025
EUR/INR,2025-09-07,92.219717
GBP/INR,2025-09-07,109.647002
USD/EUR,2025-09-08,0.820852
USD/GBP,2025-09-08,0.750016
USD/INR,2025-09-08,83.644009
EUR/GBP,2025-09-08,0.860283
EUR/INR,2025-09-08,94.463396
GBP/INR,2025-09-08,108.104733
USD/EUR,2025-09-09,0.842307
USD/GBP,2025-09-09,0.716259
USD/INR,2025-09-09,78.295472
EUR/GBP,2025-09-09,0.87651
EUR/INR,2025-09-09,92.687016
GBP/INR,2025-09-09,107.276503
USD/EUR,2025-09-10,0.796501
USD/GBP,2025-09-10,0.751888
USD/INR,2025-09-10,80.877783
EUR/GBP,2025-09-10,0.831824
EUR/INR,2025-09-10,100.141092
GBP/INR,2025-09-10,106.790221
USD/EUR,2025-09-11,0.86022
USD/GBP,2025-09-11,0.735343
USD/INR,2025-09-11,79.767844
EUR/GBP,2025-09-11,0.848011
EUR/INR,2025-09-11,98.639756
GBP/INR,2025-09-11,113.636562
USD/EUR,2025-09-12,0.841427
USD/GBP,2025-09-12,0.709071
USD/INR,2025-09-12,79.9521
EUR/GBP,2025-09-12,0.884647
EUR/INR,2025-09-12,100.07592
GBP/INR,2025-09-12,106.035663
USD/EUR,2025-09-13,0.815887
USD/GBP,2025-09-13,0.723142
USD/INR,2025-09-13,81.529202
EUR/GBP,2025-09-13,0.830789
EUR/INR,2025-09-13,91.014104
GBP/INR,2025-09-13,109.054207
USD/EUR,2025-09-14,0.851907
USD/GBP,2025-09-14,0.742625
USD/INR,2025-09-14,80.169985
EUR/GBP,2025-09-14,0.850213
EUR/INR,2025-09-14,92.870235
GBP/INR,2025-09-14,112.568164
USD/EUR,2025-09-15,0.862403
USD/GBP,2025-09-15,0.754826
USD/INR,2025-09-15,80.571467
EUR/GBP,2025-09-15,0.854943
EUR/INR,2025-09-15,99.130109
GBP/INR,2025-09-15,109.423205
USD/EUR,2025-09-16,0.849035
USD/GBP,2025-09-16,0.709696
USD/INR,2025-09-16,81.338881
EUR/GBP,2025-09-16,0.862536
EUR/INR,2025-09-16,93.842708
GBP/INR,2025-09-16,107.357449
USD/EUR,2025-09-17,0.792806
USD/GBP,2025-09-17,0.769947
USD/INR,2025-09-17,80.640694
EUR/GBP,2025-09-17,0.889715
EUR/INR,2025-09-17,98.858326
GBP/INR,2025-09-17,106.288571
USD/EUR,2025-09-18,0.826995
USD/GBP,2025-09-18,0.73151
USD/INR,2025-09-18,79.722382
EUR/GBP,2025-09-18,0.894202
EUR/INR,2025-09-18,92.291649
GBP/INR,2025-09-18,107.493601
USD/EUR,2025-09-19,0.868473
USD/GBP,2025-09-19,0.69972
USD/INR,2025-09-19,78.906101
EUR/GBP,2025-09-19,0.888622
EUR/INR,2025-09-19,91.411409
GBP/INR,2025-09-19,108.37804
USD/EUR,2025-09-20,0.79389
USD/GBP,2025-09-20,0.726026
USD/INR,2025-09-20,78.919544
EUR/GBP,2025-09-20,0.819942
EUR/INR,2025-09-20,95.021446
GBP/INR,2025-09-20,110.271032
USD/EUR,2025-09-21,0.844472
USD/GBP,2025-09-21,0.705079
USD/INR,2025-09-21,81.339327
EUR/GBP,2025-09-21,0.827614
EUR/INR,2025-09-21,94.843813
GBP/INR,2025-09-21,106.662237
USD/EUR,2025-09-22,0.828196
USD/GBP,2025-09-22,0.702958
USD/INR,2025-09-22,78.339965
EUR/GBP,2025-09-22,0.841523
EUR/INR,2025-09-22,91.510775
GBP/INR,2025-09-22,105.556184
USD/EUR,2025-09-23,0.818687
USD/GBP,2025-09-23,0.730894
USD/INR,2025-09-23,79.445747
EUR/GBP,2025-09-23,0.88064
EUR/INR,2025-09-23,100.045891
GBP/INR,2025-09-23,110.821587
USD/EUR,2025-09-24,0.821898
USD/GBP,2025-09-24,0.705482
USD/INR,2025-09-24,83.886508
EUR/GBP,2025-09-24,0.879286
EUR/INR,2025-09-24,100.221986
GBP/INR,2025-09-24,107.953326
USD/EUR,2025-09-25,0.795962
USD/GBP,2025-09-25,0.751442
USD/INR,2025-09-25,78.282181
EUR/GBP,2025-09-25,0.899881
EUR/INR,2025-09-25,91.545584
GBP/INR,2025-09-25,109.849365
USD/EUR,2025-09-26,0.835116
USD/GBP,2025-09-26,0.740606
USD/INR,2025-09-26,80.51468
EUR/GBP,2025-09-26,0.902513
EUR/INR,2025-09-26,99.729749
GBP/INR,2025-09-26,112.061935
USD/EUR,2025-09-27,0.82509
USD/GBP,2025-09-27,0.714069
USD/INR,2025-09-27,79.961414
EUR/GBP,2025-09-27,0.895656
EUR/INR,2025-09-27,96.067464
GBP/INR,2025-09-27,104.989542
USD/EUR,2025-09-28,0.818214
USD/GBP,2025-09-28,0.742902
USD/INR,2025-09-28,79.420916
EUR/GBP,2025-09-28,0.877129
EUR/INR,2025-09-28,95.170034
GBP/INR,2025-09-28,108.800786
USD/EUR,2025-09-29,0.791933
USD/GBP,2025-09-29,0.748727
USD/INR,2025-09-29,77.673717
EUR/GBP,2025-09-29,0.835306
EUR/INR,2025-09-29,93.094151
GBP/INR,2025-09-29,110.955958
USD/EUR,2025-09-30,0.831191
USD/GBP,2025-09-30,0.733094
USD/INR,2025-09-30,83.219393
EUR/GBP,2025-09-30,0.866029
EUR/INR,2025-09-30,93.107524
GBP/INR,2025-09-30,102.940424
USD/EUR,2025-10-01,0.844861
USD/GBP,2025-10-01,0.739679
USD/INR,2025-10-01,78.606522
EUR/GBP,2025-10-01,0.871323
EUR/INR,2025-10-01,94.904928
GBP/INR,2025-10-01,105.495006
USD/EUR,2025-10-02,0.807152
USD/GBP,2025-10-02,0.758331
USD/INR,2025-10-02,82.887505
EUR/GBP,2025-10-02,0.871348
EUR/INR,2025-10-02,95.35035
GBP/INR,2025-10-02,111.389071
USD/EUR,2025-10-03,0.802463
USD/GBP,2025-10-03,0.739827
USD/INR,2025-10-03,84.2745
EUR/GBP,2025-10-03,0.844225
EUR/INR,2025-10-03,91.155313
GBP/INR,2025-10-03,112.283041
USD/EUR,2025-10-04,0.868144
USD/GBP,2025-10-04,0.721952
USD/INR,2025-10-04,83.482612
EUR/GBP,2025-10-04,0.889635
EUR/INR,2025-10-04,99.707424
GBP/INR,2025-10-04,112.579383
USD/EUR,2025-10-05,0.829729
USD/GBP,2025-10-05,0.743663
USD/INR,2025-10-05,82.106958
EUR/GBP,2025-10-05,0.835438
EUR/INR,2025-10-05,92.357345
GBP/INR,2025-10-05,108.00782
USD/EUR,2025-10-06,0.811139
USD/GBP,2025-10-06,0.766893
USD/INR,2025-10-06,78.57654
EUR/GBP,2025-10-06,0.881526
EUR/INR,2025-10-06,99.06939
GBP/INR,2025-10-06,109.941975
USD/EUR,2025-10-07,0.795337
USD/GBP,2025-10-07,0.715849
USD/INR,2025-10-07,78.765617
EUR/GBP,2025-10-07,0.868991
EUR/INR,2025-10-07,93.18526
GBP/INR,2025-10-07,113.626676
USD/EUR,2025-10-08,0.796913
USD/GBP,2025-10-08,0.743706
USD/INR,2025-10-08,79.139731
EUR/GBP,2025-10-08,0.888273
EUR/INR,2025-10-08,95.72061
GBP/INR,2025-10-08,106.068859
USD/EUR,2025-10-09,0.809211
USD/GBP,2025-10-09,0.720222
USD/INR,2025-10-09,82.657141
EUR/GBP,2025-10-09,0.871604
EUR/INR,2025-10-09,95.811148
GBP/INR,2025-10-09,112.530556
USD/EUR,2025-10-10,0.792312
USD/GBP,2025-10-10,0.747884
USD/INR,2025-10-10,79.989249
EUR/GBP,2025-10-10,0.847189
EUR/INR,2025-10-10,91.599754
GBP/INR,2025-10-10,112.03046
USD/EUR,2025-10-11,0.8491
USD/GBP,2025-10-11,0.707797
USD/INR,2025-10-11,80.462646
EUR/GBP,2025-10-11,0.89846
EUR/INR,2025-10-11,95.031316
GBP/INR,2025-10-11,107.63556
USD/EUR,2025-10-12,0.849128
USD/GBP,2025-10-12,0.744276
USD/INR,2025-10-12,78.944055
EUR/GBP,2025-10-12,0.902363
EUR/INR,2025-10-12,91.995433
GBP/INR,2025-10-12,102.955698
USD/EUR,2025-10-13,0.861073
USD/GBP,2025-10-13,0.756554
USD/INR,2025-10-13,85.320952
EUR/GBP,2025-10-13,0.838066
EUR/INR,2025-10-13,92.292606
GBP/INR,2025-10-13,111.301558
USD/EUR,2025-10-14,0.827814
USD/GBP,2025-10-14,0.744612
USD/INR,2025-10-14,83.654251
EUR/GBP,2025-10-14,0.898544
EUR/INR,2025-10-14,95.531319
GBP/INR,2025-10-14,107.994453
USD/EUR,2025-10-15,0.810033
USD/GBP,2025-10-15,0.767752
USD/INR,2025-10-15,80.691106
EUR/GBP,2025-10-15,0.882427
EUR/INR,2025-10-15,97.519046
GBP/INR,2025-10-15,103.304269
USD/EUR,2025-10-16,0.825115
USD/GBP,2025-10-16,0.767037
USD/INR,2025-10-16,83.269922
EUR/GBP,2025-10-16,0.822293
EUR/INR,2025-10-16,98.510698
GBP/INR,2025-10-16,102.984804
USD/EUR,2025-10-17,0.838539
USD/GBP,2025-10-17,0.702655
USD/INR,2025-10-17,80.41507
EUR/GBP,2025-10-17,0.822912
EUR/INR,2025-10-17,96.719399
GBP/INR,2025-10-17,104.793708
USD/EUR,2025-10-18,0.834029
USD/GBP,2025-10-18,0.721255
USD/INR,2025-10-18,82.472435
EUR/GBP,2025-10-18,0.827333
EUR/INR,2025-10-18,98.734803
GBP/INR,2025-10-18,109.90753
USD/EUR,2025-10-19,0.858104
USD/GBP,2025-10-19,0.720836
USD/INR,2025-10-19,77.786974
EUR/GBP,2025-10-19,0.897603
EUR/INR,2025-10-19,93.447973
GBP/INR,2025-10-19,110.299442
USD/EUR,2025-10-20,0.864659
USD/GBP,2025-10-20,0.733847
USD/INR,2025-10-20,83.536185
EUR/GBP,2025-10-20,0.863905
EUR/INR,2025-10-20,94.967628
GBP/INR,2025-10-20,107.545639
USD/EUR,2025-10-21,0.823284
USD/GBP,2025-10-21,0.767252
USD/INR,2025-10-21,84.22392
EUR/GBP,2025-10-21,0.857388
EUR/INR,2025-10-21,92.413646
GBP/INR,2025-10-21,112.139326
USD/EUR,2025-10-22,0.812864
USD/GBP,2025-10-22,0.728989
USD/INR,2025-10-22,83.93283
EUR/GBP,2025-10-22,0.877585
EUR/INR,2025-10-22,94.309183
GBP/INR,2025-10-22,112.198409
USD/EUR,2025-10-23,0.860057
USD/GBP,2025-10-23,0.728987
USD/INR,2025-10-23,85.168349
EUR/GBP,2025-10-23,0.843152
EUR/INR,2025-10-23,94.845603
GBP/INR,2025-10-23,103.797338
USD/EUR,2025-10-24,0.840491
USD/GBP,2025-10-24,0.719052
USD/INR,2025-10-24,82.245267
EUR/GBP,2025-10-24,0.876375
EUR/INR,2025-10-24,92.917832
GBP/INR,2025-10-24,108.71107
USD/EUR,2025-10-25,0.810894
USD/GBP,2025-10-25,0.742699
USD/INR,2025-10-25,83.683185
EUR/GBP,2025-10-25,0.879409
EUR/INR,2025-10-25,98.096619
GBP/INR,2025-10-25,112.153367
USD/EUR,2025-10-26,0.851946
USD/GBP,2025-10-26,0.761588
USD/INR,2025-10-26,82.294281
EUR/GBP,2025-10-26,0.827521
EUR/INR,2025-10-26,96.676594
GBP/INR,2025-10-26,110.73122
USD/EUR,2025-10-27,0.828634
USD/GBP,2025-10-27,0.743081
USD/INR,2025-10-27,82.486492
EUR/GBP,2025-10-27,0.848179
EUR/INR,2025-10-27,93.960854
GBP/INR,2025-10-27,112.491762
USD/EUR,2025-10-28,0.842952
USD/GBP,2025-10-28,0.758751
USD/INR,2025-10-28,79.135174
EUR/GBP,2025-10-28,0.892265
EUR/INR,2025-10-28,98.394797
GBP/INR,2025-10-28,107.839766
USD/EUR,2025-10-29,0.811298
USD/GBP,2025-10-29,0.709611
USD/INR,2025-10-29,79.269366
EUR/GBP,2025-10-29,0.872262
EUR/INR,2025-10-29,99.541871
GBP/INR,2025-10-29,104.219877
USD/EUR,2025-10-30,0.801776
USD/GBP,2025-10-30,0.752969
USD/INR,2025-10-30,82.245063
EUR/GBP,2025-10-30,0.902156
EUR/INR,2025-10-30,96.114518
GBP/INR,2025-10-30,110.202694
USD/EUR,2025-10-31,0.848662
USD/GBP,2025-10-31,0.767222
USD/INR,2025-10-31,80.169785
EUR/GBP,2025-10-31,0.846428
EUR/INR,2025-10-31,99.954913
GBP/INR,2025-10-31,105.629232
USD/EUR,2025-11-01,0.794991
USD/GBP,2025-11-01,0.751846
USD/INR,2025-11-01,78.984075
EUR/GBP,2025-11-01,0.860599
EUR/INR,2025-11-01,98.137797
GBP/INR,2025-11-01,113.898769
USD/EUR,2025-11-02,0.866943
USD/GBP,2025-11-02,0.710525
USD/INR,2025-11-02,79.085398
EUR/GBP,2025-11-02,0.872965
EUR/INR,2025-11-02,96.140492
GBP/INR,2025-11-02,113.134278
USD/EUR,2025-11-03,0.872401
USD/GBP,2025-11-03,0.722656
USD/INR,2025-11-03,84.270684
EUR/GBP,2025-11-03,0.902335
EUR/INR,2025-11-03,92.617013
GBP/INR,2025-11-03,107.530733
USD/EUR,2025-11-04,0.832618
USD/GBP,2025-11-04,0.737829
USD/INR,2025-11-04,81.552473
EUR/GBP,2025-11-04,0.895421
EUR/INR,2025-11-04,98.509676
GBP/INR,2025-11-04,108.9495
USD/EUR,2025-11-05,0.870228
USD/GBP,2025-11-05,0.710293
USD/INR,2025-11-05,81.230218
EUR/GBP,2025-11-05,0.877916
EUR/INR,2025-11-05,97.326346
GBP/INR,2025-11-05,103.8786
USD/EUR,2025-11-06,0.849354
USD/GBP,2025-11-06,0.772692
USD/INR,2025-11-06,79.939141
EUR/GBP,2025-11-06,0.856015
EUR/INR,2025-11-06,91.596184
GBP/INR,2025-11-06,110.853761
USD/EUR,2025-11-07,0.877146
USD/GBP,2025-11-07,0.715835
USD/INR,2025-11-07,83.493725
EUR/GBP,2025-11-07,0.872437
EUR/INR,2025-11-07,94.690908
GBP/INR,2025-11-07,106.619077
USD/EUR,2025-11-08,0.857266
USD/GBP,2025-11-08,0.743668
USD/INR,2025-11-08,81.985026
EUR/GBP,2025-11-08,0.89811
EUR/INR,2025-11-08,93.760404
GBP/INR,2025-11-08,103.580867
USD/EUR,2025-11-09,0.85175
USD/GBP,2025-11-09,0.739426
USD/INR,2025-11-09,83.230124
EUR/GBP,2025-11-09,0.876968
EUR/INR,2025-11-09,96.62502
GBP/INR,2025-11-09,112.003784
USD/EUR,2025-11-10,0.81121
USD/GBP,2025-11-10,0.751623
USD/INR,2025-11-10,79.609763
EUR/GBP,2025-11-10,0.823457
EUR/INR,2025-11-10,97.160233
GBP/INR,2025-11-10,113.350993
USD/EUR,2025-11-11,0.808159
USD/GBP,2025-11-11,0.730868
USD/INR,2025-11-11,78.629571
EUR/GBP,2025-11-11,0.896069
EUR/INR,2025-11-11,91.790163
GBP/INR,2025-11-11,112.960081
USD/EUR,2025-11-12,0.830367
USD/GBP,2025-11-12,0.73024
USD/INR,2025-11-12,78.754597
EUR/GBP,2025-11-12,0.832089
EUR/INR,2025-11-12,94.340089
GBP/INR,2025-11-12,113.212611
USD/EUR,2025-11-13,0.856966
USD/GBP,2025-11-13,0.752594
USD/INR,2025-11-13,81.013362
EUR/GBP,2025-11-13,0.847789
EUR/INR,2025-11-13,96.058849
GBP/INR,2025-11-13,113.521383
USD/EUR,2025-11-14,0.875145
USD/GBP,2025-11-14,0.726024
USD/INR,2025-11-14,83.856872
EUR/GBP,2025-11-14,0.85499
EUR/INR,2025-11-14,96.026748
GBP/INR,2025-11-14,104.543368
USD/EUR,2025-11-15,0.876953
USD/GBP,2025-11-15,0.721194
USD/INR,2025-11-15,81.25372
EUR/GBP,2025-11-15,0.824597
EUR/INR,2025-11-15,91.809353
GBP/INR,2025-11-15,109.186212
USD/EUR,2025-11-16,0.824497
USD/GBP,2025-11-16,0.760724
USD/INR,2025-11-16,81.142654
EUR/GBP,2025-11-16,0.870375
EUR/INR,2025-11-16,92.605867
GBP/INR,2025-11-16,110.951255
USD/EUR,2025-11-17,0.826367
USD/GBP,2025-11-17,0.733386
USD/INR,2025-11-17,80.655341
EUR/GBP,2025-11-17,0.852728
EUR/INR,2025-11-17,92.832201
GBP/INR,2025-11-17,113.251231
USD/EUR,2025-11-18,0.868854
USD/GBP,2025-11-18,0.722127
USD/INR,2025-11-18,84.089887
EUR/GBP,2025-11-18,0.875833
EUR/INR,2025-11-18,95.918494
GBP/INR,2025-11-18,106.786843
USD/EUR,2025-11-19,0.808869
USD/GBP,2025-11-19,0.765832
USD/INR,2025-11-19,79.458694
EUR/GBP,2025-11-19,0.870898
EUR/INR,2025-11-19,100.175094
GBP/INR,2025-11-19,114.469086
USD/EUR,2025-11-20,0.79845
USD/GBP,2025-11-20,0.760667
USD/INR,2025-11-20,84.679972
EUR/GBP,2025-11-20,0.896429
EUR/INR,2025-11-20,99.769534
GBP/INR,2025-11-20,111.577129
USD/EUR,2025-11-21,0.835223
USD/GBP,2025-11-21,0.774407
USD/INR,2025-11-21,81.193001
EUR/GBP,2025-11-21,0.829336
EUR/INR,2025-11-21,97.437321
GBP/INR,2025-11-21,112.476464
USD/EUR,2025-11-22,0.819932
USD/GBP,2025-11-22,0.771504
USD/INR,2025-11-22,82.071456
EUR/GBP,2025-11-22,0.861336
EUR/INR,2025-11-22,93.141875
GBP/INR,2025-11-22,112.36972
USD/EUR,2025-11-23,0.825616
USD/GBP,2025-11-23,0.707423
USD/INR,2025-11-23,82.903817
EUR/GBP,2025-11-23,0.872305
EUR/INR,2025-11-23,91.790559
GBP/INR,2025-11-23,110.341929
USD/EUR,2025-11-24,0.871188
USD/GBP,2025-11-24,0.759362
USD/INR,2025-11-24,79.655635
EUR/GBP,2025-11-24,0.884139
EUR/INR,2025-11-24,91.639995
GBP/INR,2025-11-24,112.135392
USD/EUR,2025-11-25,0.851718
USD/GBP,2025-11-25,0.765281
USD/INR,2025-11-25,81.835953
EUR/GBP,2025-11-25,0.868455
EUR/INR,2025-11-25,99.688587
GBP/INR,2025-11-25,112.725218
USD/EUR,2025-11-26,0.846741
USD/GBP,2025-11-26,0.740534
USD/INR,2025-11-26,84.855032
EUR/GBP,2025-11-26,0.855813
EUR/INR,2025-11-26,93.048645
GBP/INR,2025-11-26,106.720978
USD/EUR,2025-11-27,0.81621
USD/GBP,2025-11-27,0.733498
USD/INR,2025-11-27,80.197527
EUR/GBP,2025-11-27,0.827911
EUR/INR,2025-11-27,94.66567
GBP/INR,2025-11-27,104.276728
USD/EUR,2025-11-28,0.816019
USD/GBP,2025-11-28,0.760739
USD/INR,2025-11-28,81.102258
EUR/GBP,2025-11-28,0.887185
EUR/INR,2025-11-28,94.513723
GBP/INR,2025-11-28,109.414192
USD/EUR,2025-11-29,0.881783
USD/GBP,2025-11-29,0.747569
USD/INR,2025-11-29,82.116883
EUR/GBP,2025-11-29,0.882906
EUR/INR,2025-11-29,93.804662
GBP/INR,2025-11-29,106.622953
USD/EUR,2025-11-30,0.80087
USD/GBP,2025-11-30,0.730253
USD/INR,2025-11-30,84.85349
EUR/GBP,2025-11-30,0.893805
EUR/INR,2025-11-30,92.118492
GBP/INR,2025-11-30,111.102456
USD/EUR,2025-12-01,0.835899
USD/GBP,2025-12-01,0.717983
USD/INR,2025-12-01,83.141771
EUR/GBP,2025-12-01,0.851293
EUR/INR,2025-12-01,97.991698
GBP/INR,2025-12-01,112.786666
USD/EUR,2025-12-02,0.803497
USD/GBP,2025-12-02,0.723006
USD/INR,2025-12-02,78.835076
EUR/GBP,2025-12-02,0.907426
EUR/INR,2025-12-02,97.53662
GBP/INR,2025-12-02,112.317108
USD/EUR,2025-12-03,0.827982
USD/GBP,2025-12-03,0.726727
USD/INR,2025-12-03,85.038939
EUR/GBP,2025-12-03,0.829781
EUR/INR,2025-12-03,93.613285
GBP/INR,2025-12-03,107.419372
USD/EUR,2025-12-04,0.803704
USD/GBP,2025-12-04,0.713276
USD/INR,2025-12-04,84.263821
EUR/GBP,2025-12-04,0.8865
EUR/INR,2025-12-04,96.347332
GBP/INR,2025-12-04,109.866309
USD/EUR,2025-12-05,0.839295
USD/GBP,2025-12-05,0.751662
USD/INR,2025-12-05,86.030897
EUR/GBP,2025-12-05,0.838681
EUR/INR,2025-12-05,94.807661
GBP/INR,2025-12-05,109.691289
USD/EUR,2025-12-06,0.836616
USD/GBP,2025-12-06,0.726436
USD/INR,2025-12-06,85.674273
EUR/GBP,2025-12-06,0.874637
EUR/INR,2025-12-06,93.389144
GBP/INR,2025-12-06,104.139575
USD/EUR,2025-12-07,0.845028
USD/GBP,2025-12-07,0.760636
USD/INR,2025-12-07,85.125452
EUR/GBP,2025-12-07,0.857221
EUR/INR,2025-12-07,98.08456
GBP/INR,2025-12-07,113.709946
USD/EUR,2025-12-08,0.860003
USD/GBP,2025-12-08,0.766987
USD/INR,2025-12-08,80.518676
EUR/GBP,2025-12-08,0.879373
EUR/INR,2025-12-08,93.45053
GBP/INR,2025-12-08,111.256247
USD/EUR,2025-12-09,0.820072
USD/GBP,2025-12-09,0.779523
USD/INR,2025-12-09,81.804305
EUR/GBP,2025-12-09,0.89418
EUR/INR,2025-12-09,95.429884
GBP/INR,2025-12-09,110.216365
USD/EUR,2025-12-10,0.862254
USD/GBP,2025-12-10,0.763814
USD/INR,2025-12-10,79.658216
EUR/GBP,2025-12-10,0.866784
EUR/INR,2025-12-10,96.622186
GBP/INR,2025-12-10,114.415329
USD/EUR,2025-12-11,0.819761
USD/GBP,2025-12-11,0.770958
USD/INR,2025-12-11,81.973537
EUR/GBP,2025-12-11,0.891523
EUR/INR,2025-12-11,95.717972
GBP/INR,2025-12-11,106.261626
USD/EUR,2025-12-12,0.852169
USD/GBP,2025-12-12,0.756895
USD/INR,2025-12-12,83.639711
EUR/GBP,2025-12-12,0.890205
EUR/INR,2025-12-12,95.628995
GBP/INR,2025-12-12,115.078864
USD/EUR,2025-12-13,0.84732
USD/GBP,2025-12-13,0.77476
USD/INR,2025-12-13,84.674607
EUR/GBP,2025-12-13,0.871899
EUR/INR,2025-12-13,96.911729
GBP/INR,2025-12-13,107.573602
USD/EUR,2025-12-14,0.815237
USD/GBP,2025-12-14,0.736835
USD/INR,2025-12-14,81.380791
EUR/GBP,2025-12-14,0.860914
EUR/INR,2025-12-14,95.119002
GBP/INR,2025-12-14,111.212197
USD/EUR,2025-12-15,0.8533
USD/GBP,2025-12-15,0.71037
USD/INR,2025-12-15,81.891533
EUR/GBP,2025-12-15,0.844823
EUR/INR,2025-12-15,93.415913
GBP/INR,2025-12-15,112.37096
USD/EUR,2025-12-16,0.821986
USD/GBP,2025-12-16,0.744212
USD/INR,2025-12-16,82.165793
EUR/GBP,2025-12-16,0.875732
EUR/INR,2025-12-16,97.771011
GBP/INR,2025-12-16,115.220233
USD/EUR,2025-12-17,0.878419
USD/GBP,2025-12-17,0.726117
USD/INR,2025-12-17,84.084969
EUR/GBP,2025-12-17,0.882211
EUR/INR,2025-12-17,92.531325
GBP/INR,2025-12-17,113.40974
USD/EUR,2025-12-18,0.868476
USD/GBP,2025-12-18,0.741326
USD/INR,2025-12-18,85.30823
EUR/GBP,2025-12-18,0.908766
EUR/INR,2025-12-18,99.149029
GBP/INR,2025-12-18,111.414237
USD/EUR,2025-12-19,0.842113
USD/GBP,2025-12-19,0.759703
USD/INR,2025-12-19,83.09092
EUR/GBP,2025-12-19,0.903551
EUR/INR,2025-12-19,101.803871
GBP/INR,2025-12-19,110.937272
USD/EUR,2025-12-20,0.864013
USD/GBP,2025-12-20,0.715093
USD/INR,2025-12-20,85.094261
EUR/GBP,2025-12-20,0.869737
EUR/INR,2025-12-20,95.325898
GBP/INR,2025-12-20,106.809295
USD/EUR,2025-12-21,0.849191
USD/GBP,2025-12-21,0.783967
USD/INR,2025-12-21,85.84667
EUR/GBP,2025-12-21,0.880901
EUR/INR,2025-12-21,98.373899
GBP/INR,2025-12-21,105.05356
USD/EUR,2025-12-22,0.843346
USD/GBP,2025-12-22,0.726012
USD/INR,2025-12-22,82.861247
EUR/GBP,2025-12-22,0.864365
EUR/INR,2025-12-22,92.969012
GBP/INR,2025-12-22,110.094121
USD/EUR,2025-12-23,0.810206
USD/GBP,2025-12-23,0.754001
USD/INR,2025-12-23,81.692718
EUR/GBP,2025-12-23,0.920372
EUR/INR,2025-12-23,99.78082
GBP/INR,2025-12-23,111.598177
USD/EUR,2025-12-24,0.819774
USD/GBP,2025-12-24,0.772646
USD/INR,2025-12-24,80.400052
EUR/GBP,2025-12-24,0.857129
EUR/INR,2025-12-24,97.379652
GBP/INR,2025-12-24,109.253529
USD/EUR,2025-12-25,0.850378
USD/GBP,2025-12-25,0.775491
USD/INR,2025-12-25,86.634711
EUR/GBP,2025-12-25,0.894454
EUR/INR,2025-12-25,96.312279
GBP/INR,2025-12-25,106.42296
USD/EUR,2025-12-26,0.856488
USD/GBP,2025-12-26,0.762282
USD/INR,2025-12-26,80.209235
EUR/GBP,2025-12-26,0.916759
EUR/INR,2025-12-26,100.119493
GBP/INR,2025-12-26,111.442099
USD/EUR,2025-12-27,0.860038
USD/GBP,2025-12-27,0.736516
USD/INR,2025-12-27,79.472682
EUR/GBP,2025-12-27,0.912051
EUR/INR,2025-12-27,97.821729
GBP/INR,2025-12-27,106.537481
USD/EUR,2025-12-28,0.854818
USD/GBP,2025-12-28,0.770887
USD/INR,2025-12-28,83.104971
EUR/GBP,2025-12-28,0.869155
EUR/INR,2025-12-28,98.915492
GBP/INR,2025-12-28,113.282645
USD/EUR,2025-12-29,0.850327
USD/GBP,2025-12-29,0.722039
USD/INR,2025-12-29,85.500996
EUR/GBP,2025-12-29,0.892484
EUR/INR,2025-12-29,97.320385
GBP/INR,2025-12-29,115.011031
USD/EUR,2025-12-30,0.840193
USD/GBP,2025-12-30,0.769267
USD/INR,2025-12-30,86.835605
EUR/GBP,2025-12-30,0.838936
EUR/INR,2025-12-30,93.747326
GBP/INR,2025-12-30,109.961363
USD/EUR,2025-12-31,0.818716
USD/GBP,2025-12-31,0.748579
USD/INR,2025-12-31,80.067897
EUR/GBP,2025-12-31,0.884826
EUR/INR,2025-12-31,96.404317
GBP/INR,2025-12-31,111.678984
USD/EUR,2026-01-01,0.827417
USD/GBP,2026-01-01,0.73337
USD/INR,2026-01-01,84.742617
EUR/GBP,2026-01-01,0.89463
EUR/INR,2026-01-01,100.942728
GBP/INR,2026-01-01,112.321605
USD/EUR,2026-01-02,0.859727
USD/GBP,2026-01-02,0.747073
USD/INR,2026-01-02,79.288174
EUR/GBP,2026-01-02,0.899437
EUR/INR,2026-01-02,93.12039
GBP/INR,2026-01-02,110.474671
USD/EUR,2026-01-03,0.847495
USD/GBP,2026-01-03,0.759347
USD/INR,2026-01-03,86.095486
EUR/GBP,2026-01-03,0.905833
EUR/INR,2026-01-03,101.163387
GBP/INR,2026-01-03,116.106552
USD/EUR,2026-01-04,0.824869
USD/GBP,2026-01-04,0.74009
USD/INR,2026-01-04,82.666152
EUR/GBP,2026-01-04,0.90768
EUR/INR,2026-01-04,97.070417
GBP/INR,2026-01-04,113.304771
USD/EUR,2026-01-05,0.874105
USD/GBP,2026-01-05,0.776823
USD/INR,2026-01-05,84.45802
EUR/GBP,2026-01-05,0.914997
EUR/INR,2026-01-05,93.762392
GBP/INR,2026-01-05,108.800168
USD/EUR,2026-01-06,0.863007
USD/GBP,2026-01-06,0.765175
USD/INR,2026-01-06,85.397073
EUR/GBP,2026-01-06,0.876522
EUR/INR,2026-01-06,101.658608
GBP/INR,2026-01-06,109.149721
USD/EUR,2026-01-07,0.864288
USD/GBP,2026-01-07,0.753667
USD/INR,2026-01-07,84.180196
EUR/GBP,2026-01-07,0.897597
EUR/INR,2026-01-07,100.071731
GBP/INR,2026-01-07,110.94929
USD/EUR,2026-01-08,0.87031
USD/GBP,2026-01-08,0.735526
USD/INR,2026-01-08,79.438621
EUR/GBP,2026-01-08,0.870737
EUR/INR,2026-01-08,97.85667
GBP/INR,2026-01-08,107.581629
USD/EUR,2026-01-09,0.892855
USD/GBP,2026-01-09,0.738123
USD/INR,2026-01-09,81.66237
EUR/GBP,2026-01-09,0.88125
EUR/INR,2026-01-09,93.413615
GBP/INR,2026-01-09,115.493533
USD/EUR,2026-01-10,0.819
USD/GBP,2026-01-10,0.726409
USD/INR,2026-01-10,81.009199
EUR/GBP,2026-01-10,0.896099
EUR/INR,2026-01-10,96.099464
GBP/INR,2026-01-10,105.880369
USD/EUR,2026-01-11,0.844719
USD/GBP,2026-01-11,0.789748
USD/INR,2026-01-11,80.095186
EUR/GBP,2026-01-11,0.8946
EUR/INR,2026-01-11,96.825188
GBP/INR,2026-01-11,115.734103
USD/EUR,2026-01-12,0.856373
USD/GBP,2026-01-12,0.721044
USD/INR,2026-01-12,79.485764
EUR/GBP,2026-01-12,0.895881
EUR/INR,2026-01-12,101.603915
GBP/INR,2026-01-12,110.402223
USD/EUR,2026-01-13,0.849197
USD/GBP,2026-01-13,0.719688
USD/INR,2026-01-13,86.557065
EUR/GBP,2026-01-13,0.860228
EUR/INR,2026-01-13,102.570085
GBP/INR,2026-01-13,114.367848
USD/EUR,2026-01-14,0.864952
USD/GBP,2026-01-14,0.742816
USD/INR,2026-01-14,83.499426
EUR/GBP,2026-01-14,0.863281
EUR/INR,2026-01-14,102.631766
GBP/INR,2026-01-14,111.854677
USD/EUR,2026-01-15,0.836694
USD/GBP,2026-01-15,0.785113
USD/INR,2026-01-15,87.508952
EUR/GBP,2026-01-15,0.912745
EUR/INR,2026-01-15,97.245887
GBP/INR,2026-01-15,115.020717
USD/EUR,2026-01-16,0.893404
USD/GBP,2026-01-16,0.777788
USD/INR,2026-01-16,79.832943
EUR/GBP,2026-01-16,0.859829
EUR/INR,2026-01-16,94.449394
GBP/INR,2026-01-16,109.09341
USD/EUR,2026-01-17,0.83085
USD/GBP,2026-01-17,0.754222
USD/INR,2026-01-17,84.830447
EUR/GBP,2026-01-17,0.917702
EUR/INR,2026-01-17,96.641293
GBP/INR,2026-01-17,116.082092
USD/EUR,2026-01-18,0.843729
USD/GBP,2026-01-18,0.77015
USD/INR,2026-01-18,80.668354
EUR/GBP,2026-01-18,0.921668
EUR/INR,2026-01-18,99.755926
GBP/INR,2026-01-18,112.980967
USD/EUR,2026-01-19,0.832665
USD/GBP,2026-01-19,0.755502
USD/INR,2026-01-19,87.390307
EUR/GBP,2026-01-19,0.909923
EUR/INR,2026-01-19,95.264885
GBP/INR,2026-01-19,106.069277
USD/EUR,2026-01-20,0.861295
USD/GBP,2026-01-20,0.724009
USD/INR,2026-01-20,84.055053
EUR/GBP,2026-01-20,0.923306
EUR/INR,2026-01-20,99.74724
GBP/INR,2026-01-20,112.831547
USD/EUR,2026-01-21,0.898465
USD/GBP,2026-01-21,0.734668
USD/INR,2026-01-21,80.870942
EUR/GBP,2026-01-21,0.849931
EUR/INR,2026-01-21,101.67085
GBP/INR,2026-01-21,113.912188
USD/EUR,2026-01-22,0.819377
USD/GBP,2026-01-22,0.743983
USD/INR,2026-01-22,85.610992
EUR/GBP,2026-01-22,0.889835
EUR/INR,2026-01-22,99.036962
GBP/INR,2026-01-22,114.624288
USD/EUR,2026-01-23,0.815781
USD/GBP,2026-01-23,0.753258
USD/INR,2026-01-23,81.192086
EUR/GBP,2026-01-23,0.86831
EUR/INR,2026-01-23,97.115274
GBP/INR,2026-01-23,111.028756
USD/EUR,2026-01-24,0.835799
USD/GBP,2026-01-24,0.731579
USD/INR,2026-01-24,80.506653
EUR/GBP,2026-01-24,0.908623
EUR/INR,2026-01-24,98.993506
GBP/INR,2026-01-24,111.885962
USD/EUR,2026-01-25,0.869975
USD/GBP,2026-01-25,0.78814
USD/INR,2026-01-25,83.584211
EUR/GBP,2026-01-25,0.908703
EUR/INR,2026-01-25,102.475617
GBP/INR,2026-01-25,112.644959
USD/EUR,2026-01-26,0.850901
USD/GBP,2026-01-26,0.7521
USD/INR,2026-01-26,82.351036
EUR/GBP,2026-01-26,0.927409
EUR/INR,2026-01-26,102.253671
GBP/INR,2026-01-26,106.740964
USD/EUR,2026-01-27,0.87172
USD/GBP,2026-01-27,0.749496
USD/INR,2026-01-27,84.17795
EUR/GBP,2026-01-27,0.90081
EUR/INR,2026-01-27,102.729971
GBP/INR,2026-01-27,115.852548
USD/EUR,2026-01-28,0.823469
USD/GBP,2026-01-28,0.778733
USD/INR,2026-01-28,82.092863
EUR/GBP,2026-01-28,0.868038
EUR/INR,2026-01-28,98.20232
GBP/INR,2026-01-28,113.744346
USD/EUR,2026-01-29,0.820258
USD/GBP,2026-01-29,0.764056
USD/INR,2026-01-29,86.453491
EUR/GBP,2026-01-29,0.862075
EUR/INR,2026-01-29,98.304124
GBP/INR,2026-01-29,110.997406
USD/EUR,2026-01-30,0.817692
USD/GBP,2026-01-30,0.794991
USD/INR,2026-01-30,84.586545
EUR/GBP,2026-01-30,0.90815
EUR/INR,2026-01-30,94.774197
GBP/INR,2026-01-30,110.531887
USD/EUR,2026-01-31,0.872767
USD/GBP,2026-01-31,0.795278
USD/INR,2026-01-31,87.794248
EUR/GBP,2026-01-31,0.913012
EUR/INR,2026-01-31,93.849707
GBP/INR,2026-01-31,107.73476
USD/EUR,2026-02-01,0.898557
USD/GBP,2026-02-01,0.768038
USD/INR,2026-02-01,87.80437
EUR/GBP,2026-02-01,0.911363
EUR/INR,2026-02-01,99.260925
GBP/INR,2026-02-01,113.284812
USD/EUR,2026-02-02,0.84922
USD/GBP,2026-02-02,0.782265
USD/INR,2026-02-02,80.676418
EUR/GBP,2026-02-02,0.92422
EUR/INR,2026-02-02,97.717514
GBP/INR,2026-02-02,111.157574
USD/EUR,2026-02-03,0.827002
USD/GBP,2026-02-03,0.77696
USD/INR,2026-02-03,88.028539
EUR/GBP,2026-02-03,0.882059
EUR/INR,2026-02-03,103.038328
GBP/INR,2026-02-03,106.151548
USD/EUR,2026-02-04,0.902391
USD/GBP,2026-02-04,0.777206
USD/INR,2026-02-04,87.426536
EUR/GBP,2026-02-04,0.870206
EUR/INR,2026-02-04,101.67472
GBP/INR,2026-02-04,116.465226
USD/EUR,2026-02-05,0.828439
USD/GBP,2026-02-05,0.785193
USD/INR,2026-02-05,80.840713
EUR/GBP,2026-02-05,0.90625
EUR/INR,2026-02-05,103.355564
GBP/INR,2026-02-05,109.197622
USD/EUR,2026-02-06,0.867712
USD/GBP,2026-02-06,0.723982
USD/INR,2026-02-06,87.343749
EUR/GBP,2026-02-06,0.864533
EUR/INR,2026-02-06,98.045246
GBP/INR,2026-02-06,110.957588
USD/EUR,2026-02-07,0.836315
USD/GBP,2026-02-07,0.753128
USD/INR,2026-02-07,82.817829
EUR/GBP,2026-02-07,0.912119
EUR/INR,2026-02-07,94.677758
GBP/INR,2026-02-07,115.918614
USD/EUR,2026-02-08,0.870408
USD/GBP,2026-02-08,0.746224
USD/INR,2026-02-08,85.172623
EUR/GBP,2026-02-08,0.870998
EUR/INR,2026-02-08,97.761451
GBP/INR,2026-02-08,109.350246
USD/EUR,2026-02-09,0.820078
USD/GBP,2026-02-09,0.734027
USD/INR,2026-02-09,81.914053
EUR/GBP,2026-02-09,0.923119
EUR/INR,2026-02-09,94.420908
GBP/INR,2026-02-09,109.71149
USD/EUR,2026-02-10,0.852025
USD/GBP,2026-02-10,0.749131
USD/INR,2026-02-10,87.285783
EUR/GBP,2026-02-10,0.859335
EUR/INR,2026-02-10,101.8167
GBP/INR,2026-02-10,115.443214
USD/EUR,2026-02-11,0.827663
USD/GBP,2026-02-11,0.751089
USD/INR,2026-02-11,84.010988
EUR/GBP,2026-02-11,0.858497
EUR/INR,2026-02-11,96.006135
GBP/INR,2026-02-11,112.719208
USD/EUR,2026-02-12,0.885784
USD/GBP,2026-02-12,0.749225
USD/INR,2026-02-12,87.52302
EUR/GBP,2026-02-12,0.881292
EUR/INR,2026-02-12,99.92526
GBP/INR,2026-02-12,110.141054
USD/EUR,2026-02-13,0.868801
USD/GBP,2026-02-13,0.7343
USD/INR,2026-02-13,81.470794
EUR/GBP,2026-02-13,0.908623
EUR/INR,2026-02-13,97.610474
GBP/INR,2026-02-13,116.284032
USD/EUR,2026-02-14,0.888773
USD/GBP,2026-02-14,0.745178
USD/INR,2026-02-14,80.331612
EUR/GBP,2026-02-14,0.866998
EUR/INR,2026-02-14,102.406387
GBP/INR,2026-02-14,115.326648
USD/EUR,2026-02-15,0.889199
USD/GBP,2026-02-15,0.74724
USD/INR,2026-02-15,88.161467
EUR/GBP,2026-02-15,0.914209
EUR/INR,2026-02-15,97.251362
GBP/INR,2026-02-15,107.181299
USD/EUR,2026-02-16,0.881446
USD/GBP,2026-02-16,0.738659
USD/INR,2026-02-16,87.879085
EUR/GBP,2026-02-16,0.934565
EUR/INR,2026-02-16,101.675548
GBP/INR,2026-02-16,116.867503
USD/EUR,2026-02-17,0.841441
USD/GBP,2026-02-17,0.764785
USD/INR,2026-02-17,84.061709
EUR/GBP,2026-02-17,0.86442
EUR/INR,2026-02-17,102.996345
GBP/INR,2026-02-17,109.083244
USD/EUR,2026-02-18,0.819632
USD/GBP,2026-02-18,0.758831
USD/INR,2026-02-18,82.059846
EUR/GBP,2026-02-18,0.869338
EUR/INR,2026-02-18,96.509309
GBP/INR,2026-02-18,110.594124
USD/EUR,2026-02-19,0.852361
USD/GBP,2026-02-19,0.779567
USD/INR,2026-02-19,80.751027
EUR/GBP,2026-02-19,0.910019
EUR/INR,2026-02-19,96.924005
GBP/INR,2026-02-19,115.871586
USD/EUR,2026-02-20,0.83277
USD/GBP,2026-02-20,0.730531
USD/INR,2026-02-20,82.260596
EUR/GBP,2026-02-20,0.91871
EUR/INR,2026-02-20,98.584443
GBP/INR,2026-02-20,112.391805
USD/EUR,2026-02-21,0.871004
USD/GBP,2026-02-21,0.747751
USD/INR,2026-02-21,80.616035
EUR/GBP,2026-02-21,0.927235
EUR/INR,2026-02-21,94.15048
GBP/INR,2026-02-21,106.769941
USD/EUR,2026-02-22,0.848097
USD/GBP,2026-02-22,0.74235
USD/INR,2026-02-22,84.275426
EUR/GBP,2026-02-22,0.88815
EUR/INR,2026-02-22,95.028738
GBP/INR,2026-02-22,108.816784
USD/EUR,2026-02-23,0.880754
USD/GBP,2026-02-23,0.785216
USD/INR,2026-02-23,84.347534
EUR/GBP,2026-02-23,0.854743
EUR/INR,2026-02-23,101.27261
GBP/INR,2026-02-23,112.674213
USD/EUR,2026-02-24,0.903965
USD/GBP,2026-02-24,0.730602
USD/INR,2026-02-24,81.868449
EUR/GBP,2026-02-24,0.857108
EUR/INR,2026-02-24,95.040918
GBP/INR,2026-02-24,107.407868
USD/EUR,2026-02-25,0.840538
USD/GBP,2026-02-25,0.760903
USD/INR,2026-02-25,83.625915
EUR/GBP,2026-02-25,0.906203
EUR/INR,2026-02-25,103.514773
GBP/INR,2026-02-25,106.865716
USD/EUR,2026-02-26,0.889918
USD/GBP,2026-02-26,0.730262
USD/INR,2026-02-26,84.00938
EUR/GBP,2026-02-26,0.853953
EUR/INR,2026-02-26,100.819594
GBP/INR,2026-02-26,113.806948
USD/EUR,2026-02-27,0.848741
USD/GBP,2026-02-27,0.747448
USD/INR,2026-02-27,82.966346
EUR/GBP,2026-02-27,0.890691
EUR/INR,2026-02-27,94.706484
GBP/INR,2026-02-27,113.956784
USD/EUR,2026-02-28,0.87756
USD/GBP,2026-02-28,0.724785
USD/INR,2026-02-28,87.480923
EUR/GBP,2026-02-28,0.923772
EUR/INR,2026-02-28,100.709406
GBP/INR,2026-02-28,109.505612
USD/EUR,2026-03-01,0.891284
USD/GBP,2026-03-01,0.730238
USD/INR,2026-03-01,88.157712
EUR/GBP,2026-03-01,0.8664
EUR/INR,2026-03-01,101.584988
GBP/INR,2026-03-01,106.91552
USD/EUR,2026-03-02,0.824384
USD/GBP,2026-03-02,0.738953
USD/INR,2026-03-02,80.675895
EUR/GBP,2026-03-02,0.936354
EUR/INR,2026-03-02,98.514431
GBP/INR,2026-03-02,110.564902
USD/EUR,2026-03-03,0.877607
USD/GBP,2026-03-03,0.796898
USD/INR,2026-03-03,87.916202
EUR/GBP,2026-03-03,0.852334
EUR/INR,2026-03-03,97.486144
GBP/INR,2026-03-03,116.156695
USD/EUR,2026-03-04,0.836327
USD/GBP,2026-03-04,0.781648
USD/INR,2026-03-04,81.053691
EUR/GBP,2026-03-04,0.921375
EUR/INR,2026-03-04,94.533701
GBP/INR,2026-03-04,111.428859
USD/EUR,2026-03-05,0.825078
USD/GBP,2026-03-05,0.74926
USD/INR,2026-03-05,82.420159
EUR/GBP,2026-03-05,0.917064
EUR/INR,2026-03-05,99.898212
GBP/INR,2026-03-05,107.06246
USD/EUR,2026-03-06,0.907096
USD/GBP,2026-03-06,0.755997
USD/INR,2026-03-06,87.812596
EUR/GBP,2026-03-06,0.869479
EUR/INR,2026-03-06,101.638255
GBP/INR,2026-03-06,108.445916
USD/EUR,2026-03-07,0.833891
USD/GBP,2026-03-07,0.735858
USD/INR,2026-03-07,80.596059
EUR/GBP,2026-03-07,0.939974
EUR/INR,2026-03-07,96.60934
GBP/INR,2026-03-07,117.87451
USD/EUR,2026-03-08,0.833558
USD/GBP,2026-03-08,0.776301
USD/INR,2026-03-08,80.690431
EUR/GBP,2026-03-08,0.885137
EUR/INR,2026-03-08,100.821578
GBP/INR,2026-03-08,107.96997
USD/EUR,2026-03-09,0.879789
USD/GBP,2026-03-09,0.772518
USD/INR,2026-03-09,80.694223
EUR/GBP,2026-03-09,0.858167
EUR/INR,2026-03-09,101.859363
GBP/INR,2026-03-09,109.789776
USD/EUR,2026-03-10,0.849037
USD/GBP,2026-03-10,0.742801
USD/INR,2026-03-10,81.166827
EUR/GBP,2026-03-10,0.871929
EUR/INR,2026-03-10,96.074314
GBP/INR,2026-03-10,108.965553
USD/EUR,2026-03-11,0.855384
USD/GBP,2026-03-11,0.800134
USD/INR,2026-03-11,87.057988
EUR/GBP,2026-03-11,0.865806
EUR/INR,2026-03-11,101.63454
GBP/INR,2026-03-11,109.796546
USD/EUR,2026-03-12,0.894763
USD/GBP,2026-03-12,0.757352
USD/INR,2026-03-12,82.727812
EUR/GBP,2026-03-12,0.863032
EUR/INR,2026-03-12,97.388572
GBP/INR,2026-03-12,112.583806
USD/EUR,2026-03-13,0.848615
USD/GBP,2026-03-13,0.787427
USD/INR,2026-03-13,85.494983
EUR/GBP,2026-03-13,0.890204
EUR/INR,2026-03-13,94.426156
GBP/INR,2026-03-13,109.929372
USD/EUR,2026-03-14,0.867207
USD/GBP,2026-03-14,0.75887
USD/INR,2026-03-14,82.613335
EUR/GBP,2026-03-14,0.918747
EUR/INR,2026-03-14,101.636561
GBP/INR,2026-03-14,113.540295
USD/EUR,2026-03-15,0.853835
USD/GBP,2026-03-15,0.759548
USD/INR,2026-03-15,84.196701
EUR/GBP,2026-03-15,0.912078
EUR/INR,2026-03-15,100.607733
GBP/INR,2026-03-15,116.745844
USD/EUR,2026-03-16,0.844031
USD/GBP,2026-03-16,0.776791
USD/INR,2026-03-16,85.019692
EUR/GBP,2026-03-16,0.908135
EUR/INR,2026-03-16,96.167864
GBP/INR,2026-03-16,112.307597
USD/EUR,2026-03-17,0.843202
USD/GBP,2026-03-17,0.757206
USD/INR,2026-03-17,86.924613
EUR/GBP,2026-03-17,0.882161
EUR/INR,2026-03-17,96.178717
GBP/INR,2026-03-17,111.323767
USD/EUR,2026-03-18,0.906334
USD/GBP,2026-03-18,0.754683
USD/INR,2026-03-18,83.193216
EUR/GBP,2026-03-18,0.928207
EUR/INR,2026-03-18,97.080879
GBP/INR,2026-03-18,115.617983
USD/EUR,2026-03-19,0.857035
USD/GBP,2026-03-19,0.738439
USD/INR,2026-03-19,87.050035
EUR/GBP,2026-03-19,0.930548
EUR/INR,2026-03-19,99.507812
GBP/INR,2026-03-19,113.99996
USD/EUR,2026-03-20,0.859392
USD/GBP,2026-03-20,0.749386
USD/INR,2026-03-20,82.648131
EUR/GBP,2026-03-20,0.922579
EUR/INR,2026-03-20,98.109286
GBP/INR,2026-03-20,109.835659
USD/EUR,2026-03-21,0.896929
USD/GBP,2026-03-21,0.779859
USD/INR,2026-03-21,81.74527
EUR/GBP,2026-03-21,0.931202
EUR/INR,2026-03-21,102.171823
GBP/INR,2026-03-21,117.727198
USD/EUR,2026-03-22,0.903469
USD/GBP,2026-03-22,0.756646
USD/INR,2026-03-22,86.493464
EUR/GBP,2026-03-22,0.912305
EUR/INR,2026-03-22,97.809759
GBP/INR,2026-03-22,113.365184
USD/EUR,2026-03-23,0.884012
USD/GBP,2026-03-23,0.780084
USD/INR,2026-03-23,83.857969
EUR/GBP,2026-03-23,0.920879
EUR/INR,2026-03-23,103.210415
GBP/INR,2026-03-23,113.545037
USD/EUR,2026-03-24,0.900481
USD/GBP,2026-03-24,0.783812
USD/INR,2026-03-24,81.715443
EUR/GBP,2026-03-24,0.870729
EUR/INR,2026-03-24,103.514801
GBP/INR,2026-03-24,115.561043
USD/EUR,2026-03-25,0.857181
USD/GBP,2026-03-25,0.797297
USD/INR,2026-03-25,81.690658
EUR/GBP,2026-03-25,0.861857
EUR/INR,2026-03-25,99.184467
GBP/INR,2026-03-25,108.823551
USD/EUR,2026-03-26,0.863232
USD/GBP,2026-03-26,0.775994
USD/INR,2026-03-26,88.324329
EUR/GBP,2026-03-26,0.937967
EUR/INR,2026-03-26,101.874443
GBP/INR,2026-03-26,113.227488
USD/EUR,2026-03-27,0.843056
USD/GBP,2026-03-27,0.747456
USD/INR,2026-03-27,88.379543
EUR/GBP,2026-03-27,0.878377
EUR/INR,2026-03-27,99.924622
GBP/INR,2026-03-27,112.703362
USD/EUR,2026-03-28,0.860814
USD/GBP,2026-03-28,0.777869
USD/INR,2026-03-28,80.644022
EUR/GBP,2026-03-28,0.923115
EUR/INR,2026-03-28,98.383672
GBP/INR,2026-03-28,113.136871
USD/EUR,2026-03-29,0.84929
USD/GBP,2026-03-29,0.762711
USD/INR,2026-03-29,85.833425
EUR/GBP,2026-03-29,0.907976
EUR/INR,2026-03-29,101.953517
GBP/INR,2026-03-29,115.624706
USD/EUR,2026-03-30,0.891898
USD/GBP,2026-03-30,0.732642
USD/INR,2026-03-30,81.240078
EUR/GBP,2026-03-30,0.92994
EUR/INR,2026-03-30,101.177061
GBP/INR,2026-03-30,112.709391
USD/EUR,2026-03-31,0.832447
USD/GBP,2026-03-31,0.795362
USD/INR,2026-03-31,84.788883
EUR/GBP,2026-03-31,0.870375
EUR/INR,2026-03-31,99.070692
GBP/INR,2026-03-31,107.403429
USD/EUR,2026-04-01,0.825654
USD/GBP,2026-04-01,0.78844
USD/INR,2026-04-01,84.439732
EUR/GBP,2026-04-01,0.886787
EUR/INR,2026-04-01,99.166851
GBP/INR,2026-04-01,108.945987
USD/EUR,2026-04-02,0.895618
USD/GBP,2026-04-02,0.72706
USD/INR,2026-04-02,81.234683
EUR/GBP,2026-04-02,0.900857
EUR/INR,2026-04-02,98.690163
GBP/INR,2026-04-02,112.50664
USD/EUR,2026-04-03,0.871665
USD/GBP,2026-04-03,0.781179
USD/INR,2026-04-03,85.132762
EUR/GBP,2026-04-03,0.865273
EUR/INR,2026-04-03,101.755494
GBP/INR,2026-04-03,113.54125
USD/EUR,2026-04-04,0.833847
USD/GBP,2026-04-04,0.801642
USD/INR,2026-04-04,88.713652
EUR/GBP,2026-04-04,0.888446
EUR/INR,2026-04-04,96.42917
GBP/INR,2026-04-04,115.730495
USD/EUR,2026-04-05,0.891499
USD/GBP,2026-04-05,0.760534
USD/INR,2026-04-05,81.980918
EUR/GBP,2026-04-05,0.910349
EUR/INR,2026-04-05,102.810479
GBP/INR,2026-04-05,115.507989
USD/EUR,2026-04-06,0.909553
USD/GBP,2026-04-06,0.775111
USD/INR,2026-04-06,83.711407
EUR/GBP,2026-04-06,0.915719
EUR/INR,2026-04-06,97.896867
GBP/INR,2026-04-06,111.63712
USD/EUR,2026-04-07,0.903081
USD/GBP,2026-04-07,0.74131
USD/INR,2026-04-07,81.341011
EUR/GBP,2026-04-07,0.865086
EUR/INR,2026-04-07,103.72383
GBP/INR,2026-04-07,116.762829
USD/EUR,2026-04-08,0.874569
USD/GBP,2026-04-08,0.79544
USD/INR,2026-04-08,80.512427
EUR/GBP,2026-04-08,0.888095
EUR/INR,2026-04-08,100.159334
GBP/INR,2026-04-08,112.758512
USD/EUR,2026-04-09,0.881147
USD/GBP,2026-04-09,0.802611
USD/INR,2026-04-09,81.342707
EUR/GBP,2026-04-09,0.91019
EUR/INR,2026-04-09,101.446342
GBP/INR,2026-04-09,111.374902
USD/EUR,2026-04-10,0.848789
USD/GBP,2026-04-10,0.761783
USD/INR,2026-04-10,85.66047
EUR/GBP,2026-04-10,0.893048
EUR/INR,2026-04-10,101.140417
GBP/INR,2026-04-10,111.689901
USD/EUR,2026-04-11,0.900479
USD/GBP,2026-04-11,0.743696
USD/INR,2026-04-11,83.186311
EUR/GBP,2026-04-11,0.906334
EUR/INR,2026-04-11,94.778186
GBP/INR,2026-04-11,117.816345
USD/EUR,2026-04-12,0.832686
USD/GBP,2026-04-12,0.753265
USD/INR,2026-04-12,86.945127
EUR/GBP,2026-04-12,0.854906
EUR/INR,2026-04-12,98.435982
GBP/INR,2026-04-12,115.133202
USD/EUR,2026-04-13,0.87252
USD/GBP,2026-04-13,0.747267
USD/INR,2026-04-13,85.346337
EUR/GBP,2026-04-13,0.920697
EUR/INR,2026-04-13,95.247978
GBP/INR,2026-04-13,109.582675
USD/EUR,2026-04-14,0.846849
USD/GBP,2026-04-14,0.747198
USD/INR,2026-04-14,84.419103
EUR/GBP,2026-04-14,0.91206
EUR/INR,2026-04-14,102.715642
GBP/INR,2026-04-14,114.423349
USD/EUR,2026-04-15,0.840974
USD/GBP,2026-04-15,0.778776
USD/INR,2026-04-15,84.896995
EUR/GBP,2026-04-15,0.86126
EUR/INR,2026-04-15,94.878998
GBP/INR,2026-04-15,113.362028
USD/EUR,2026-04-16,0.892201
USD/GBP,2026-04-16,0.746576
USD/INR,2026-04-16,86.538945
EUR/GBP,2026-04-16,0.937852
EUR/INR,2026-04-16,103.014875
GBP/INR,2026-04-16,112.567322
USD/EUR,2026-04-17,0.841818
USD/GBP,2026-04-17,0.73188
USD/INR,2026-04-17,82.493221
EUR/GBP,2026-04-17,0.90094
EUR/INR,2026-04-17,95.44068
GBP/INR,2026-04-17,107.115188
USD/EUR,2026-04-18,0.847493
USD/GBP,2026-04-18,0.776187
USD/INR,2026-04-18,85.355458
EUR/GBP,2026-04-18,0.911017
EUR/INR,2026-04-18,102.068962
GBP/INR,2026-04-18,107.52345
USD/EUR,2026-04-19,0.849889
USD/GBP,2026-04-19,0.794798
USD/INR,2026-04-19,81.720392
EUR/GBP,2026-04-19,0.933719
EUR/INR,2026-04-19,95.887277
GBP/INR,2026-04-19,113.303789
USD/EUR,2026-04-20,0.899182
USD/GBP,2026-04-20,0.791219
USD/INR,2026-04-20,88.175704
EUR/GBP,2026-04-20,0.888101
EUR/INR,2026-04-20,99.789336
GBP/INR,2026-04-20,107.337431
USD/EUR,2026-04-21,0.906281
USD/GBP,2026-04-21,0.792886
USD/INR,2026-04-21,85.429421
EUR/GBP,2026-04-21,0.873859
EUR/INR,2026-04-21,95.805707
GBP/INR,2026-04-21,117.703497
USD/EUR,2026-04-22,0.889282
USD/GBP,2026-04-22,0.745549
USD/INR,2026-04-22,87.897849
EUR/GBP,2026-04-22,0.935445
EUR/INR,2026-04-22,97.363855
GBP/INR,2026-04-22,109.881571
USD/EUR,2026-04-23,0.836033
USD/GBP,2026-04-23,0.73034
USD/INR,2026-04-23,83.016863
EUR/GBP,2026-04-23,0.858257
EUR/INR,2026-04-23,94.958795
GBP/INR,2026-04-23,112.309898
USD/EUR,2026-04-24,0.907645
USD/GBP,2026-04-24,0.733017
USD/INR,2026-04-24,87.385948
EUR/GBP,2026-04-24,0.934641
EUR/INR,2026-04-24,95.327187
GBP/INR,2026-04-24,117.278261
USD/EUR,2026-04-25,0.855398
USD/GBP,2026-04-25,0.731673
USD/INR,2026-04-25,86.950732
EUR/GBP,2026-04-25,0.860203
EUR/INR,2026-04-25,101.29384
GBP/INR,2026-04-25,107.873825
USD/EUR,2026-04-26,0.865092
USD/GBP,2026-04-26,0.741
USD/INR,2026-04-26,81.428887
EUR/GBP,2026-04-26,0.914433
EUR/INR,2026-04-26,100.099337
GBP/INR,2026-04-26,110.368366
USD/EUR,2026-04-27,0.895437
USD/GBP,2026-04-27,0.726612
USD/INR,2026-04-27,81.418368
EUR/GBP,2026-04-27,0.932292
EUR/INR,2026-04-27,100.939132
GBP/INR,2026-04-27,106.92006
USD/EUR,2026-04-28,0.905951
USD/GBP,2026-04-28,0.765022
USD/INR,2026-04-28,87.047088
EUR/GBP,2026-04-28,0.858885
EUR/INR,2026-04-28,95.197769
GBP/INR,2026-04-28,108.346397
USD/EUR,2026-04-29,0.868005
USD/GBP,2026-04-29,0.79012
USD/INR,2026-04-29,82.776869
EUR/GBP,2026-04-29,0.863093
EUR/INR,2026-04-29,99.078685
GBP/INR,2026-04-29,114.680374
USD/EUR,2026-04-30,0.88854
USD/GBP,2026-04-30,0.77141
USD/INR,2026-04-30,88.428391
EUR/GBP,2026-04-30,0.893378
EUR/INR,2026-04-30,99.315998
GBP/INR,2026-04-30,112.342047
USD/EUR,2026-05-01,0.847053
USD/GBP,2026-05-01,0.757635
USD/INR,2026-05-01,85.335384
EUR/GBP,2026-05-01,0.871959
EUR/INR,2026-05-01,102.062913
GBP/INR,2026-05-01,107.701086
USD/EUR,2026-05-02,0.900814
USD/GBP,2026-05-02,0.762895
USD/INR,2026-05-02,85.400975
EUR/GBP,2026-05-02,0.860386
EUR/INR,2026-05-02,104.002172
GBP/INR,2026-05-02,108.159823
USD/EUR,2026-05-03,0.871232
USD/GBP,2026-05-03,0.746511
USD/INR,2026-05-03,82.30353
EUR/GBP,2026-05-03,0.863867
EUR/INR,2026-05-03,97.662088
GBP/INR,2026-05-03,116.624841
USD/EUR,2026-05-04,0.827732
USD/GBP,2026-05-04,0.742656
USD/INR,2026-05-04,87.94873
EUR/GBP,2026-05-04,0.869623
EUR/INR,2026-05-04,94.700438
GBP/INR,2026-05-04,113.455857
USD/EUR,2026-05-05,0.85845
USD/GBP,2026-05-05,0.774884
USD/INR,2026-05-05,83.447018
EUR/GBP,2026-05-05,0.886349
EUR/INR,2026-05-05,96.684228
GBP/INR,2026-05-05,110.599202
USD/EUR,2026-05-06,0.835294
USD/GBP,2026-05-06,0.748914
USD/INR,2026-05-06,86.54567
EUR/GBP,2026-05-06,0.894262
EUR/INR,2026-05-06,97.246985
GBP/INR,2026-05-06,107.552959
USD/EUR,2026-05-07,0.832689
USD/GBP,2026-05-07,0.751827
USD/INR,2026-05-07,84.242069
EUR/GBP,2026-05-07,0.921983
EUR/INR,2026-05-07,103.395204
GBP/INR,2026-05-07,111.928831
USD/EUR,2026-05-08,0.867407
USD/GBP,2026-05-08,0.777704
USD/INR,2026-05-08,82.448871
EUR/GBP,2026-05-08,0.896493
EUR/INR,2026-05-08,103.132849
GBP/INR,2026-05-08,111.45052
USD/EUR,2026-05-09,0.87256
USD/GBP,2026-05-09,0.762452
USD/INR,2026-05-09,88.385755
EUR/GBP,2026-05-09,0.902764
EUR/INR,2026-05-09,103.818586
GBP/INR,2026-05-09,106.990387
USD/EUR,2026-05-10,0.829337
USD/GBP,2026-05-10,0.799143
USD/INR,2026-05-10,85.996637
EUR/GBP,2026-05-10,0.879592
EUR/INR,2026-05-10,98.550897
GBP/INR,2026-05-10,117.164358
USD/EUR,2026-05-11,0.899169
USD/GBP,2026-05-11,0.7394
USD/INR,2026-05-11,83.140533
EUR/GBP,2026-05-11,0.894073
EUR/INR,2026-05-11,102.837926
GBP/INR,2026-05-11,116.159431
USD/EUR,2026-05-12,0.835736
USD/GBP,2026-05-12,0.771978
USD/INR,2026-05-12,80.782914
EUR/GBP,2026-05-12,0.862716
EUR/INR,2026-05-12,98.041335
GBP/INR,2026-05-12,115.109817
USD/EUR,2026-05-13,0.850856
USD/GBP,2026-05-13,0.751162
USD/INR,2026-05-13,82.218936
EUR/GBP,2026-05-13,0.926651
EUR/INR,2026-05-13,98.734245
GBP/INR,2026-05-13,113.995435
USD/EUR,2026-05-14,0.826631
USD/GBP,2026-05-14,0.788444
USD/INR,2026-05-14,85.526815
EUR/GBP,2026-05-14,0.872903
EUR/INR,2026-05-14,102.297971
GBP/INR,2026-05-14,106.588315
USD/EUR,2026-05-15,0.889862
USD/GBP,2026-05-15,0.761647
USD/INR,2026-05-15,88.048739
EUR/GBP,2026-05-15,0.885785
EUR/INR,2026-05-15,95.757436
GBP/INR,2026-05-15,106.961044
USD/EUR,2026-05-16,0.879482
USD/GBP,2026-05-16,0.756587
USD/INR,2026-05-16,86.784662
EUR/GBP,2026-05-16,0.926279
EUR/INR,2026-05-16,93.988423
GBP/INR,2026-05-16,113.634775
USD/EUR,2026-05-17,0.888952
USD/GBP,2026-05-17,0.753676
USD/INR,2026-05-17,85.008816
EUR/GBP,2026-05-17,0.907796
EUR/INR,2026-05-17,103.703755
GBP/INR,2026-05-17,115.468263
USD/EUR,2026-05-18,0.827339
USD/GBP,2026-05-18,0.732688
USD/INR,2026-05-18,81.127463
EUR/GBP,2026-05-18,0.889678
EUR/INR,2026-05-18,95.574963
GBP/INR,2026-05-18,112.048981
USD/EUR,2026-05-19,0.828086
USD/GBP,2026-05-19,0.748898
USD/INR,2026-05-19,86.592938
EUR/GBP,2026-05-19,0.861774
EUR/INR,2026-05-19,96.152924
GBP/INR,2026-05-19,112.589332
USD/EUR,2026-05-20,0.833878
USD/GBP,2026-05-20,0.764282
USD/INR,2026-05-20,82.291462
EUR/GBP,2026-05-20,0.894973
EUR/INR,2026-05-20,98.516616
GBP/INR,2026-05-20,116.078433
USD/EUR,2026-05-21,0.863377
USD/GBP,2026-05-21,0.749031
USD/INR,2026-05-21,84.978851
EUR/GBP,2026-05-21,0.900044
EUR/INR,2026-05-21,94.154269
GBP/INR,2026-05-21,109.405778
USD/EUR,2026-05-22,0.821228
USD/GBP,2026-05-22,0.778721
USD/INR,2026-05-22,82.115287
EUR/GBP,2026-05-22,0.900689
EUR/INR,2026-05-22,94.958172
GBP/INR,2026-05-22,110.497858
USD/EUR,2026-05-23,0.884939
USD/GBP,2026-05-23,0.774964
USD/INR,2026-05-23,87.708159
EUR/GBP,2026-05-23,0.877436
EUR/INR,2026-05-23,94.083012
GBP/INR,2026-05-23,115.8392
USD/EUR,2026-05-24,0.884063
USD/GBP,2026-05-24,0.736015
USD/INR,2026-05-24,87.9467
EUR/GBP,2026-05-24,0.930353
EUR/INR,2026-05-24,102.920659
GBP/INR,2026-05-24,108.109478
USD/EUR,2026-05-25,0.87254
USD/GBP,2026-05-25,0.766011
USD/INR,2026-05-25,87.556341
EUR/GBP,2026-05-25,0.846741
EUR/INR,2026-05-25,102.910991
GBP/INR,2026-05-25,109.472985
USD/EUR,2026-05-26,0.871994
USD/GBP,2026-05-26,0.791902
USD/INR,2026-05-26,82.794892
EUR/GBP,2026-05-26,0.889399
EUR/INR,2026-05-26,103.386567
GBP/INR,2026-05-26,112.903523
USD/EUR,2026-05-27,0.85669
USD/GBP,2026-05-27,0.738903
USD/INR,2026-05-27,80.826289
EUR/GBP,2026-05-27,0.893699
EUR/INR,2026-05-27,102.085184
GBP/INR,2026-05-27,106.444856
USD/EUR,2026-05-28,0.842332
USD/GBP,2026-05-28,0.767651
USD/INR,2026-05-28,87.370285
EUR/GBP,2026-05-28,0.90874
EUR/INR,2026-05-28,96.909513
GBP/INR,2026-05-28,109.516286
USD/EUR,2026-05-29,0.869002
USD/GBP,2026-05-29,0.786352
USD/INR,2026-05-29,80.769126
EUR/GBP,2026-05-29,0.912914
EUR/INR,2026-05-29,101.135231
GBP/INR,2026-05-29,107.187709
USD/EUR,2026-05-30,0.872405
USD/GBP,2026-05-30,0.741885
USD/INR,2026-05-30,84.347979
EUR/GBP,2026-05-30,0.916009
EUR/INR,2026-05-30,96.444378
GBP/INR,2026-05-30,115.958763
USD/EUR,2026-05-31,0.826903
USD/GBP,2026-05-31,0.722613
USD/INR,2026-05-31,80.376633
EUR/GBP,2026-05-31,0.889966
EUR/INR,2026-05-31,99.052692
GBP/INR,2026-05-31,112.871258
USD/EUR,2026-06-01,0.817533
USD/GBP,2026-06-01,0.736461
USD/INR,2026-06-01,82.527239
EUR/GBP,2026-06-01,0.931604
EUR/INR,2026-06-01,99.060855
GBP/INR,2026-06-01,113.95562
USD/EUR,2026-06-02,0.817494
USD/GBP,2026-06-02,0.794809
USD/INR,2026-06-02,83.511031
EUR/GBP,2026-06-02,0.896127
EUR/INR,2026-06-02,94.661998
GBP/INR,2026-06-02,107.623904
USD/EUR,2026-06-03,0.83415
USD/GBP,2026-06-03,0.76923
USD/INR,2026-06-03,85.670451
EUR/GBP,2026-06-03,0.907722
EUR/INR,2026-06-03,95.96401
GBP/INR,2026-06-03,116.200478
USD/EUR,2026-06-04,0.83541
USD/GBP,2026-06-04,0.773527
USD/INR,2026-06-04,84.563059
EUR/GBP,2026-06-04,0.844843
EUR/INR,2026-06-04,101.481593
GBP/INR,2026-06-04,112.093521
USD/EUR,2026-06-05,0.896747
USD/GBP,2026-06-05,0.788004
USD/INR,2026-06-05,86.111304
EUR/GBP,2026-06-05,0.895952
EUR/INR,2026-06-05,96.451447
GBP/INR,2026-06-05,114.462775
USD/EUR,2026-06-06,0.861059
USD/GBP,2026-06-06,0.739603
USD/INR,2026-06-06,84.34093
EUR/GBP,2026-06-06,0.908475
EUR/INR,2026-06-06,101.614067
GBP/INR,2026-06-06,112.584209
USD/EUR,2026-06-07,0.850954
USD/GBP,2026-06-07,0.766547
USD/INR,2026-06-07,85.265011
EUR/GBP,2026-06-07,0.87472
EUR/INR,2026-06-07,94.889518
GBP/INR,2026-06-07,112.604916
USD/EUR,2026-06-08,0.860394
USD/GBP,2026-06-08,0.719225
USD/INR,2026-06-08,80.028472
EUR/GBP,2026-06-08,0.84688
EUR/INR,2026-06-08,96.612278
GBP/INR,2026-06-08,110.920989
USD/EUR,2026-06-09,0.8336
USD/GBP,2026-06-09,0.775022
USD/INR,2026-06-09,82.550337
EUR/GBP,2026-06-09,0.921553
EUR/INR,2026-06-09,94.140012
GBP/INR,2026-06-09,109.31231
USD/EUR,2026-06-10,0.851368
USD/GBP,2026-06-10,0.724698
USD/INR,2026-06-10,81.28196
EUR/GBP,2026-06-10,0.900892
EUR/INR,2026-06-10,93.973793
GBP/INR,2026-06-10,112.275994
USD/EUR,2026-06-11,0.860312
USD/GBP,2026-06-11,0.727999
USD/INR,2026-06-11,81.233251
EUR/GBP,2026-06-11,0.843595
EUR/INR,2026-06-11,96.017582
GBP/INR,2026-06-11,111.029155
USD/EUR,2026-06-12,0.846913
USD/GBP,2026-06-12,0.763531
USD/INR,2026-06-12,84.717708
EUR/GBP,2026-06-12,0.916701
EUR/INR,2026-06-12,96.137897
GBP/INR,2026-06-12,109.017826
USD/EUR,2026-06-13,0.878748
USD/GBP,2026-06-13,0.754613
USD/INR,2026-06-13,86.939039
EUR/GBP,2026-06-13,0.869847
EUR/INR,2026-06-13,101.803827
GBP/INR,2026-06-13,105.734112
USD/EUR,2026-06-14,0.836403
USD/GBP,2026-06-14,0.730624
USD/INR,2026-06-14,85.529316
EUR/GBP,2026-06-14,0.920715
EUR/INR,2026-06-14,94.882296
GBP/INR,2026-06-14,108.949089
USD/EUR,2026-06-15,0.812433
USD/GBP,2026-06-15,0.7189
USD/INR,2026-06-15,79.959783
EUR/GBP,2026-06-15,0.903466
EUR/INR,2026-06-15,96.162136
GBP/INR,2026-06-15,113.56556
USD/EUR,2026-06-16,0.840982
USD/GBP,2026-06-16,0.787302
USD/INR,2026-06-16,82.589293
EUR/GBP,2026-06-16,0.849964
EUR/INR,2026-06-16,98.353053
GBP/INR,2026-06-16,109.031284
USD/EUR,2026-06-17,0.83556
USD/GBP,2026-06-17,0.788126
USD/INR,2026-06-17,86.981396
EUR/GBP,2026-06-17,0.874104
EUR/INR,2026-06-17,101.255226
GBP/INR,2026-06-17,111.746614
USD/EUR,2026-06-18,0.843568
USD/GBP,2026-06-18,0.727999
USD/INR,2026-06-18,80.585183
EUR/GBP,2026-06-18,0.879826
EUR/INR,2026-06-18,95.39421
GBP/INR,2026-06-18,113.927278
USD/EUR,2026-06-19,0.829867
USD/GBP,2026-06-19,0.726419
USD/INR,2026-06-19,85.811969
EUR/GBP,2026-06-19,0.899282
EUR/INR,2026-06-19,95.871056
GBP/INR,2026-06-19,107.43502
USD/EUR,2026-06-20,0.829641
USD/GBP,2026-06-20,0.721519
USD/INR,2026-06-20,84.493347
EUR/GBP,2026-06-20,0.92071
EUR/INR,2026-06-20,94.352849
GBP/INR,2026-06-20,109.679697
USD/EUR,2026-06-21,0.814335
USD/GBP,2026-06-21,0.716586
USD/INR,2026-06-21,86.031761
EUR/GBP,2026-06-21,0.892446
EUR/INR,2026-06-21,96.796792
GBP/INR,2026-06-21,115.38664
USD/EUR,2026-06-22,0.868984
USD/GBP,2026-06-22,0.759974
USD/INR,2026-06-22,82.79247
EUR/GBP,2026-06-22,0.847481
EUR/INR,2026-06-22,95.817016
GBP/INR,2026-06-22,107.057027
USD/EUR,2026-06-23,0.82169
USD/GBP,2026-06-23,0.724433
USD/INR,2026-06-23,81.59413
EUR/GBP,2026-06-23,0.874382
EUR/INR,2026-06-23,98.190838
GBP/INR,2026-06-23,113.804427
USD/EUR,2026-06-24,0.886717
USD/GBP,2026-06-24,0.741343
USD/INR,2026-06-24,81.056306
EUR/GBP,2026-06-24,0.853689
EUR/INR,2026-06-24,96.833374
GBP/INR,2026-06-24,111.938062
USD/EUR,2026-06-25,0.849755
USD/GBP,2026-06-25,0.788546
USD/INR,2026-06-25,79.067298
EUR/GBP,2026-06-25,0.857384
EUR/INR,2026-06-25,94.065065
GBP/INR,2026-06-25,109.140398
USD/EUR,2026-06-26,0.811839
USD/GBP,2026-06-26,0.730036
USD/INR,2026-06-26,85.975964
EUR/GBP,2026-06-26,0.889279
EUR/INR,2026-06-26,97.685437
GBP/INR,2026-06-26,108.517668
USD/EUR,2026-06-27,0.875172
USD/GBP,2026-06-27,0.775297
USD/INR,2026-06-27,79.035132
EUR/GBP,2026-06-27,0.850622
EUR/INR,2026-06-27,96.850038
GBP/INR,2026-06-27,112.568196
USD/EUR,2026-06-28,0.812621
USD/GBP,2026-06-28,0.756644
USD/INR,2026-06-28,84.288175
EUR/GBP,2026-06-28,0.855654
EUR/INR,2026-06-28,98.779016
GBP/INR,2026-06-28,110.5159
USD/EUR,2026-06-29,0.849644
USD/GBP,2026-06-29,0.75843
USD/INR,2026-06-29,78.934973
EUR/GBP,2026-06-29,0.893627
EUR/INR,2026-06-29,94.49836
GBP/INR,2026-06-29,111.499385
USD/EUR,2026-06-30,0.836967
USD/GBP,2026-06-30,0.720331
USD/INR,2026-06-30,80.105009
EUR/GBP,2026-06-30,0.910538
EUR/INR,2026-06-30,96.346311
GBP/INR,2026-06-30,112.966557
